epoch,lr,loss,iou
0,"[9.94459753267812e-05, 9.94459753267812e-05, 9.94459753267812e-05, 9.94459753267812e-05, 9.94459753267812e-05, 9.94459753267812e-05, 9.94459753267812e-05, 9.94459753267812e-05, 9.94459753267812e-05, 9.94459753267812e-05, 9.94459753267812e-05, 9.94459753267812e-05, 9.94459753267812e-05, 9.94459753267812e-05, 9.94459753267812e-05, 9.94459753267812e-05, 9.94459753267812e-05, 9.94459753267812e-05, 9.94459753267812e-05, 9.94459753267812e-05, 9.94459753267812e-05, 9.94459753267812e-05, 9.94459753267812e-05, 9.94459753267812e-05, 9.94459753267812e-05, 9.94459753267812e-05, 9.94459753267812e-05, 9.94459753267812e-05, 9.94459753267812e-05, 9.94459753267812e-05, 9.94459753267812e-05, 9.94459753267812e-05, 9.94459753267812e-05, 9.94459753267812e-05, 0.009938503261272713, 0.009938503261272713, 0.009938503261272713, 0.009938503261272713, 0.009938503261272713, 0.009938503261272713, 0.009938503261272713, 0.009938503261272713, 0.009938503261272713, 9.94459753267812e-05, 9.94459753267812e-05, 9.94459753267812e-05, 9.94459753267812e-05, 9.94459753267812e-05, 9.94459753267812e-05, 9.94459753267812e-05, 9.94459753267812e-05, 9.94459753267812e-05, 9.94459753267812e-05, 9.94459753267812e-05, 9.94459753267812e-05, 9.94459753267812e-05, 9.94459753267812e-05, 0.009938503261272713, 0.009938503261272713, 0.009938503261272713, 0.009938503261272713, 0.009938503261272713, 0.009938503261272713, 0.009938503261272713, 0.009938503261272713, 0.009938503261272713, 9.94459753267812e-05, 9.94459753267812e-05, 9.94459753267812e-05, 9.94459753267812e-05, 9.94459753267812e-05, 9.94459753267812e-05, 9.94459753267812e-05, 9.94459753267812e-05, 9.94459753267812e-05, 9.94459753267812e-05, 9.94459753267812e-05, 9.94459753267812e-05, 9.94459753267812e-05, 9.94459753267812e-05, 0.009938503261272713, 0.009938503261272713, 0.009938503261272713, 0.009938503261272713, 0.009938503261272713, 0.009938503261272713, 0.009938503261272713, 0.009938503261272713, 0.009938503261272713, 9.94459753267812e-05, 9.94459753267812e-05, 9.94459753267812e-05, 9.94459753267812e-05, 9.94459753267812e-05, 9.94459753267812e-05, 9.94459753267812e-05, 9.94459753267812e-05, 9.94459753267812e-05, 9.94459753267812e-05, 9.94459753267812e-05, 9.94459753267812e-05, 9.94459753267812e-05, 9.94459753267812e-05, 0.009938503261272713, 0.009938503261272713, 0.009938503261272713, 0.009938503261272713, 0.009938503261272713, 0.009938503261272713, 0.009938503261272713, 0.009938503261272713, 0.009938503261272713, 9.94459753267812e-05, 9.94459753267812e-05, 9.94459753267812e-05, 9.94459753267812e-05, 9.94459753267812e-05, 9.94459753267812e-05, 9.94459753267812e-05, 9.94459753267812e-05, 9.94459753267812e-05, 9.94459753267812e-05, 9.94459753267812e-05, 9.94459753267812e-05, 9.94459753267812e-05, 9.94459753267812e-05, 9.94459753267812e-05, 9.94459753267812e-05, 9.94459753267812e-05, 9.94459753267812e-05, 9.94459753267812e-05, 9.94459753267812e-05, 9.94459753267812e-05, 9.94459753267812e-05, 9.94459753267812e-05, 9.94459753267812e-05, 9.94459753267812e-05, 9.94459753267812e-05, 9.94459753267812e-05, 9.94459753267812e-05, 9.94459753267812e-05, 9.94459753267812e-05, 9.94459753267812e-05, 9.94459753267812e-05, 9.94459753267812e-05, 9.94459753267812e-05, 9.94459753267812e-05, 9.94459753267812e-05, 9.94459753267812e-05, 9.94459753267812e-05, 9.94459753267812e-05, 9.94459753267812e-05, 9.94459753267812e-05, 9.94459753267812e-05, 9.94459753267812e-05, 9.94459753267812e-05, 9.94459753267812e-05, 9.94459753267812e-05, 9.94459753267812e-05, 9.94459753267812e-05, 9.94459753267812e-05, 9.94459753267812e-05, 9.94459753267812e-05, 9.94459753267812e-05, 9.94459753267812e-05, 9.94459753267812e-05, 9.94459753267812e-05, 9.94459753267812e-05, 9.94459753267812e-05, 9.94459753267812e-05, 9.94459753267812e-05, 9.94459753267812e-05, 9.94459753267812e-05, 9.94459753267812e-05, 9.94459753267812e-05, 9.94459753267812e-05, 9.94459753267812e-05, 9.94459753267812e-05, 9.94459753267812e-05, 9.94459753267812e-05, 9.94459753267812e-05, 9.94459753267812e-05, 9.94459753267812e-05, 9.94459753267812e-05, 9.94459753267812e-05, 9.94459753267812e-05]",1.1167701406356616,0.21443966418744312
1,"[9.779754323328192e-05, 9.779754323328192e-05, 9.779754323328192e-05, 9.779754323328192e-05, 9.779754323328192e-05, 9.779754323328192e-05, 9.779754323328192e-05, 9.779754323328192e-05, 9.779754323328192e-05, 9.779754323328192e-05, 9.779754323328192e-05, 9.779754323328192e-05, 9.779754323328192e-05, 9.779754323328192e-05, 9.779754323328192e-05, 9.779754323328192e-05, 9.779754323328192e-05, 9.779754323328192e-05, 9.779754323328192e-05, 9.779754323328192e-05, 9.779754323328192e-05, 9.779754323328192e-05, 9.779754323328192e-05, 9.779754323328192e-05, 9.779754323328192e-05, 9.779754323328192e-05, 9.779754323328192e-05, 9.779754323328192e-05, 9.779754323328192e-05, 9.779754323328192e-05, 9.779754323328192e-05, 9.779754323328192e-05, 9.779754323328192e-05, 9.779754323328192e-05, 0.009755527298894293, 0.009755527298894293, 0.009755527298894293, 0.009755527298894293, 0.009755527298894293, 0.009755527298894293, 0.009755527298894293, 0.009755527298894293, 0.009755527298894293, 9.779754323328192e-05, 9.779754323328192e-05, 9.779754323328192e-05, 9.779754323328192e-05, 9.779754323328192e-05, 9.779754323328192e-05, 9.779754323328192e-05, 9.779754323328192e-05, 9.779754323328192e-05, 9.779754323328192e-05, 9.779754323328192e-05, 9.779754323328192e-05, 9.779754323328192e-05, 9.779754323328192e-05, 0.009755527298894293, 0.009755527298894293, 0.009755527298894293, 0.009755527298894293, 0.009755527298894293, 0.009755527298894293, 0.009755527298894293, 0.009755527298894293, 0.009755527298894293, 9.779754323328192e-05, 9.779754323328192e-05, 9.779754323328192e-05, 9.779754323328192e-05, 9.779754323328192e-05, 9.779754323328192e-05, 9.779754323328192e-05, 9.779754323328192e-05, 9.779754323328192e-05, 9.779754323328192e-05, 9.779754323328192e-05, 9.779754323328192e-05, 9.779754323328192e-05, 9.779754323328192e-05, 0.009755527298894293, 0.009755527298894293, 0.009755527298894293, 0.009755527298894293, 0.009755527298894293, 0.009755527298894293, 0.009755527298894293, 0.009755527298894293, 0.009755527298894293, 9.779754323328192e-05, 9.779754323328192e-05, 9.779754323328192e-05, 9.779754323328192e-05, 9.779754323328192e-05, 9.779754323328192e-05, 9.779754323328192e-05, 9.779754323328192e-05, 9.779754323328192e-05, 9.779754323328192e-05, 9.779754323328192e-05, 9.779754323328192e-05, 9.779754323328192e-05, 9.779754323328192e-05, 0.009755527298894293, 0.009755527298894293, 0.009755527298894293, 0.009755527298894293, 0.009755527298894293, 0.009755527298894293, 0.009755527298894293, 0.009755527298894293, 0.009755527298894293, 9.779754323328192e-05, 9.779754323328192e-05, 9.779754323328192e-05, 9.779754323328192e-05, 9.779754323328192e-05, 9.779754323328192e-05, 9.779754323328192e-05, 9.779754323328192e-05, 9.779754323328192e-05, 9.779754323328192e-05, 9.779754323328192e-05, 9.779754323328192e-05, 9.779754323328192e-05, 9.779754323328192e-05, 9.779754323328192e-05, 9.779754323328192e-05, 9.779754323328192e-05, 9.779754323328192e-05, 9.779754323328192e-05, 9.779754323328192e-05, 9.779754323328192e-05, 9.779754323328192e-05, 9.779754323328192e-05, 9.779754323328192e-05, 9.779754323328192e-05, 9.779754323328192e-05, 9.779754323328192e-05, 9.779754323328192e-05, 9.779754323328192e-05, 9.779754323328192e-05, 9.779754323328192e-05, 9.779754323328192e-05, 9.779754323328192e-05, 9.779754323328192e-05, 9.779754323328192e-05, 9.779754323328192e-05, 9.779754323328192e-05, 9.779754323328192e-05, 9.779754323328192e-05, 9.779754323328192e-05, 9.779754323328192e-05, 9.779754323328192e-05, 9.779754323328192e-05, 9.779754323328192e-05, 9.779754323328192e-05, 9.779754323328192e-05, 9.779754323328192e-05, 9.779754323328192e-05, 9.779754323328192e-05, 9.779754323328192e-05, 9.779754323328192e-05, 9.779754323328192e-05, 9.779754323328192e-05, 9.779754323328192e-05, 9.779754323328192e-05, 9.779754323328192e-05, 9.779754323328192e-05, 9.779754323328192e-05, 9.779754323328192e-05, 9.779754323328192e-05, 9.779754323328192e-05, 9.779754323328192e-05, 9.779754323328192e-05, 9.779754323328192e-05, 9.779754323328192e-05, 9.779754323328192e-05, 9.779754323328192e-05, 9.779754323328192e-05, 9.779754323328192e-05, 9.779754323328192e-05, 9.779754323328192e-05, 9.779754323328192e-05, 9.779754323328192e-05, 9.779754323328192e-05]",1.0354974231658838,0.3413448990671391
2,"[9.509529358847657e-05, 9.509529358847657e-05, 9.509529358847657e-05, 9.509529358847657e-05, 9.509529358847657e-05, 9.509529358847657e-05, 9.509529358847657e-05, 9.509529358847657e-05, 9.509529358847657e-05, 9.509529358847657e-05, 9.509529358847657e-05, 9.509529358847657e-05, 9.509529358847657e-05, 9.509529358847657e-05, 9.509529358847657e-05, 9.509529358847657e-05, 9.509529358847657e-05, 9.509529358847657e-05, 9.509529358847657e-05, 9.509529358847657e-05, 9.509529358847657e-05, 9.509529358847657e-05, 9.509529358847657e-05, 9.509529358847657e-05, 9.509529358847657e-05, 9.509529358847657e-05, 9.509529358847657e-05, 9.509529358847657e-05, 9.509529358847657e-05, 9.509529358847657e-05, 9.509529358847657e-05, 9.509529358847657e-05, 9.509529358847657e-05, 9.509529358847657e-05, 0.009455577588320897, 0.009455577588320897, 0.009455577588320897, 0.009455577588320897, 0.009455577588320897, 0.009455577588320897, 0.009455577588320897, 0.009455577588320897, 0.009455577588320897, 9.509529358847657e-05, 9.509529358847657e-05, 9.509529358847657e-05, 9.509529358847657e-05, 9.509529358847657e-05, 9.509529358847657e-05, 9.509529358847657e-05, 9.509529358847657e-05, 9.509529358847657e-05, 9.509529358847657e-05, 9.509529358847657e-05, 9.509529358847657e-05, 9.509529358847657e-05, 9.509529358847657e-05, 0.009455577588320897, 0.009455577588320897, 0.009455577588320897, 0.009455577588320897, 0.009455577588320897, 0.009455577588320897, 0.009455577588320897, 0.009455577588320897, 0.009455577588320897, 9.509529358847657e-05, 9.509529358847657e-05, 9.509529358847657e-05, 9.509529358847657e-05, 9.509529358847657e-05, 9.509529358847657e-05, 9.509529358847657e-05, 9.509529358847657e-05, 9.509529358847657e-05, 9.509529358847657e-05, 9.509529358847657e-05, 9.509529358847657e-05, 9.509529358847657e-05, 9.509529358847657e-05, 0.009455577588320897, 0.009455577588320897, 0.009455577588320897, 0.009455577588320897, 0.009455577588320897, 0.009455577588320897, 0.009455577588320897, 0.009455577588320897, 0.009455577588320897, 9.509529358847657e-05, 9.509529358847657e-05, 9.509529358847657e-05, 9.509529358847657e-05, 9.509529358847657e-05, 9.509529358847657e-05, 9.509529358847657e-05, 9.509529358847657e-05, 9.509529358847657e-05, 9.509529358847657e-05, 9.509529358847657e-05, 9.509529358847657e-05, 9.509529358847657e-05, 9.509529358847657e-05, 0.009455577588320897, 0.009455577588320897, 0.009455577588320897, 0.009455577588320897, 0.009455577588320897, 0.009455577588320897, 0.009455577588320897, 0.009455577588320897, 0.009455577588320897, 9.509529358847657e-05, 9.509529358847657e-05, 9.509529358847657e-05, 9.509529358847657e-05, 9.509529358847657e-05, 9.509529358847657e-05, 9.509529358847657e-05, 9.509529358847657e-05, 9.509529358847657e-05, 9.509529358847657e-05, 9.509529358847657e-05, 9.509529358847657e-05, 9.509529358847657e-05, 9.509529358847657e-05, 9.509529358847657e-05, 9.509529358847657e-05, 9.509529358847657e-05, 9.509529358847657e-05, 9.509529358847657e-05, 9.509529358847657e-05, 9.509529358847657e-05, 9.509529358847657e-05, 9.509529358847657e-05, 9.509529358847657e-05, 9.509529358847657e-05, 9.509529358847657e-05, 9.509529358847657e-05, 9.509529358847657e-05, 9.509529358847657e-05, 9.509529358847657e-05, 9.509529358847657e-05, 9.509529358847657e-05, 9.509529358847657e-05, 9.509529358847657e-05, 9.509529358847657e-05, 9.509529358847657e-05, 9.509529358847657e-05, 9.509529358847657e-05, 9.509529358847657e-05, 9.509529358847657e-05, 9.509529358847657e-05, 9.509529358847657e-05, 9.509529358847657e-05, 9.509529358847657e-05, 9.509529358847657e-05, 9.509529358847657e-05, 9.509529358847657e-05, 9.509529358847657e-05, 9.509529358847657e-05, 9.509529358847657e-05, 9.509529358847657e-05, 9.509529358847657e-05, 9.509529358847657e-05, 9.509529358847657e-05, 9.509529358847657e-05, 9.509529358847657e-05, 9.509529358847657e-05, 9.509529358847657e-05, 9.509529358847657e-05, 9.509529358847657e-05, 9.509529358847657e-05, 9.509529358847657e-05, 9.509529358847657e-05, 9.509529358847657e-05, 9.509529358847657e-05, 9.509529358847657e-05, 9.509529358847657e-05, 9.509529358847657e-05, 9.509529358847657e-05, 9.509529358847657e-05, 9.509529358847657e-05, 9.509529358847657e-05, 9.509529358847657e-05, 9.509529358847657e-05]",1.0088344392104027,0.3613775397768968
3,"[9.140576474687265e-05, 9.140576474687265e-05, 9.140576474687265e-05, 9.140576474687265e-05, 9.140576474687265e-05, 9.140576474687265e-05, 9.140576474687265e-05, 9.140576474687265e-05, 9.140576474687265e-05, 9.140576474687265e-05, 9.140576474687265e-05, 9.140576474687265e-05, 9.140576474687265e-05, 9.140576474687265e-05, 9.140576474687265e-05, 9.140576474687265e-05, 9.140576474687265e-05, 9.140576474687265e-05, 9.140576474687265e-05, 9.140576474687265e-05, 9.140576474687265e-05, 9.140576474687265e-05, 9.140576474687265e-05, 9.140576474687265e-05, 9.140576474687265e-05, 9.140576474687265e-05, 9.140576474687265e-05, 9.140576474687265e-05, 9.140576474687265e-05, 9.140576474687265e-05, 9.140576474687265e-05, 9.140576474687265e-05, 9.140576474687265e-05, 9.140576474687265e-05, 0.009046039886902862, 0.009046039886902862, 0.009046039886902862, 0.009046039886902862, 0.009046039886902862, 0.009046039886902862, 0.009046039886902862, 0.009046039886902862, 0.009046039886902862, 9.140576474687265e-05, 9.140576474687265e-05, 9.140576474687265e-05, 9.140576474687265e-05, 9.140576474687265e-05, 9.140576474687265e-05, 9.140576474687265e-05, 9.140576474687265e-05, 9.140576474687265e-05, 9.140576474687265e-05, 9.140576474687265e-05, 9.140576474687265e-05, 9.140576474687265e-05, 9.140576474687265e-05, 0.009046039886902862, 0.009046039886902862, 0.009046039886902862, 0.009046039886902862, 0.009046039886902862, 0.009046039886902862, 0.009046039886902862, 0.009046039886902862, 0.009046039886902862, 9.140576474687265e-05, 9.140576474687265e-05, 9.140576474687265e-05, 9.140576474687265e-05, 9.140576474687265e-05, 9.140576474687265e-05, 9.140576474687265e-05, 9.140576474687265e-05, 9.140576474687265e-05, 9.140576474687265e-05, 9.140576474687265e-05, 9.140576474687265e-05, 9.140576474687265e-05, 9.140576474687265e-05, 0.009046039886902862, 0.009046039886902862, 0.009046039886902862, 0.009046039886902862, 0.009046039886902862, 0.009046039886902862, 0.009046039886902862, 0.009046039886902862, 0.009046039886902862, 9.140576474687265e-05, 9.140576474687265e-05, 9.140576474687265e-05, 9.140576474687265e-05, 9.140576474687265e-05, 9.140576474687265e-05, 9.140576474687265e-05, 9.140576474687265e-05, 9.140576474687265e-05, 9.140576474687265e-05, 9.140576474687265e-05, 9.140576474687265e-05, 9.140576474687265e-05, 9.140576474687265e-05, 0.009046039886902862, 0.009046039886902862, 0.009046039886902862, 0.009046039886902862, 0.009046039886902862, 0.009046039886902862, 0.009046039886902862, 0.009046039886902862, 0.009046039886902862, 9.140576474687265e-05, 9.140576474687265e-05, 9.140576474687265e-05, 9.140576474687265e-05, 9.140576474687265e-05, 9.140576474687265e-05, 9.140576474687265e-05, 9.140576474687265e-05, 9.140576474687265e-05, 9.140576474687265e-05, 9.140576474687265e-05, 9.140576474687265e-05, 9.140576474687265e-05, 9.140576474687265e-05, 9.140576474687265e-05, 9.140576474687265e-05, 9.140576474687265e-05, 9.140576474687265e-05, 9.140576474687265e-05, 9.140576474687265e-05, 9.140576474687265e-05, 9.140576474687265e-05, 9.140576474687265e-05, 9.140576474687265e-05, 9.140576474687265e-05, 9.140576474687265e-05, 9.140576474687265e-05, 9.140576474687265e-05, 9.140576474687265e-05, 9.140576474687265e-05, 9.140576474687265e-05, 9.140576474687265e-05, 9.140576474687265e-05, 9.140576474687265e-05, 9.140576474687265e-05, 9.140576474687265e-05, 9.140576474687265e-05, 9.140576474687265e-05, 9.140576474687265e-05, 9.140576474687265e-05, 9.140576474687265e-05, 9.140576474687265e-05, 9.140576474687265e-05, 9.140576474687265e-05, 9.140576474687265e-05, 9.140576474687265e-05, 9.140576474687265e-05, 9.140576474687265e-05, 9.140576474687265e-05, 9.140576474687265e-05, 9.140576474687265e-05, 9.140576474687265e-05, 9.140576474687265e-05, 9.140576474687265e-05, 9.140576474687265e-05, 9.140576474687265e-05, 9.140576474687265e-05, 9.140576474687265e-05, 9.140576474687265e-05, 9.140576474687265e-05, 9.140576474687265e-05, 9.140576474687265e-05, 9.140576474687265e-05, 9.140576474687265e-05, 9.140576474687265e-05, 9.140576474687265e-05, 9.140576474687265e-05, 9.140576474687265e-05, 9.140576474687265e-05, 9.140576474687265e-05, 9.140576474687265e-05, 9.140576474687265e-05, 9.140576474687265e-05, 9.140576474687265e-05]",0.98754861110296,0.3989692309212607
4,"[8.681980515339465e-05, 8.681980515339465e-05, 8.681980515339465e-05, 8.681980515339465e-05, 8.681980515339465e-05, 8.681980515339465e-05, 8.681980515339465e-05, 8.681980515339465e-05, 8.681980515339465e-05, 8.681980515339465e-05, 8.681980515339465e-05, 8.681980515339465e-05, 8.681980515339465e-05, 8.681980515339465e-05, 8.681980515339465e-05, 8.681980515339465e-05, 8.681980515339465e-05, 8.681980515339465e-05, 8.681980515339465e-05, 8.681980515339465e-05, 8.681980515339465e-05, 8.681980515339465e-05, 8.681980515339465e-05, 8.681980515339465e-05, 8.681980515339465e-05, 8.681980515339465e-05, 8.681980515339465e-05, 8.681980515339465e-05, 8.681980515339465e-05, 8.681980515339465e-05, 8.681980515339465e-05, 8.681980515339465e-05, 8.681980515339465e-05, 8.681980515339465e-05, 0.008536998372026804, 0.008536998372026804, 0.008536998372026804, 0.008536998372026804, 0.008536998372026804, 0.008536998372026804, 0.008536998372026804, 0.008536998372026804, 0.008536998372026804, 8.681980515339465e-05, 8.681980515339465e-05, 8.681980515339465e-05, 8.681980515339465e-05, 8.681980515339465e-05, 8.681980515339465e-05, 8.681980515339465e-05, 8.681980515339465e-05, 8.681980515339465e-05, 8.681980515339465e-05, 8.681980515339465e-05, 8.681980515339465e-05, 8.681980515339465e-05, 8.681980515339465e-05, 0.008536998372026804, 0.008536998372026804, 0.008536998372026804, 0.008536998372026804, 0.008536998372026804, 0.008536998372026804, 0.008536998372026804, 0.008536998372026804, 0.008536998372026804, 8.681980515339465e-05, 8.681980515339465e-05, 8.681980515339465e-05, 8.681980515339465e-05, 8.681980515339465e-05, 8.681980515339465e-05, 8.681980515339465e-05, 8.681980515339465e-05, 8.681980515339465e-05, 8.681980515339465e-05, 8.681980515339465e-05, 8.681980515339465e-05, 8.681980515339465e-05, 8.681980515339465e-05, 0.008536998372026804, 0.008536998372026804, 0.008536998372026804, 0.008536998372026804, 0.008536998372026804, 0.008536998372026804, 0.008536998372026804, 0.008536998372026804, 0.008536998372026804, 8.681980515339465e-05, 8.681980515339465e-05, 8.681980515339465e-05, 8.681980515339465e-05, 8.681980515339465e-05, 8.681980515339465e-05, 8.681980515339465e-05, 8.681980515339465e-05, 8.681980515339465e-05, 8.681980515339465e-05, 8.681980515339465e-05, 8.681980515339465e-05, 8.681980515339465e-05, 8.681980515339465e-05, 0.008536998372026804, 0.008536998372026804, 0.008536998372026804, 0.008536998372026804, 0.008536998372026804, 0.008536998372026804, 0.008536998372026804, 0.008536998372026804, 0.008536998372026804, 8.681980515339465e-05, 8.681980515339465e-05, 8.681980515339465e-05, 8.681980515339465e-05, 8.681980515339465e-05, 8.681980515339465e-05, 8.681980515339465e-05, 8.681980515339465e-05, 8.681980515339465e-05, 8.681980515339465e-05, 8.681980515339465e-05, 8.681980515339465e-05, 8.681980515339465e-05, 8.681980515339465e-05, 8.681980515339465e-05, 8.681980515339465e-05, 8.681980515339465e-05, 8.681980515339465e-05, 8.681980515339465e-05, 8.681980515339465e-05, 8.681980515339465e-05, 8.681980515339465e-05, 8.681980515339465e-05, 8.681980515339465e-05, 8.681980515339465e-05, 8.681980515339465e-05, 8.681980515339465e-05, 8.681980515339465e-05, 8.681980515339465e-05, 8.681980515339465e-05, 8.681980515339465e-05, 8.681980515339465e-05, 8.681980515339465e-05, 8.681980515339465e-05, 8.681980515339465e-05, 8.681980515339465e-05, 8.681980515339465e-05, 8.681980515339465e-05, 8.681980515339465e-05, 8.681980515339465e-05, 8.681980515339465e-05, 8.681980515339465e-05, 8.681980515339465e-05, 8.681980515339465e-05, 8.681980515339465e-05, 8.681980515339465e-05, 8.681980515339465e-05, 8.681980515339465e-05, 8.681980515339465e-05, 8.681980515339465e-05, 8.681980515339465e-05, 8.681980515339465e-05, 8.681980515339465e-05, 8.681980515339465e-05, 8.681980515339465e-05, 8.681980515339465e-05, 8.681980515339465e-05, 8.681980515339465e-05, 8.681980515339465e-05, 8.681980515339465e-05, 8.681980515339465e-05, 8.681980515339465e-05, 8.681980515339465e-05, 8.681980515339465e-05, 8.681980515339465e-05, 8.681980515339465e-05, 8.681980515339465e-05, 8.681980515339465e-05, 8.681980515339465e-05, 8.681980515339465e-05, 8.681980515339465e-05, 8.681980515339465e-05, 8.681980515339465e-05, 8.681980515339465e-05]",0.9740936068388132,0.4195138259126306
5,"[8.145033635316131e-05, 8.145033635316131e-05, 8.145033635316131e-05, 8.145033635316131e-05, 8.145033635316131e-05, 8.145033635316131e-05, 8.145033635316131e-05, 8.145033635316131e-05, 8.145033635316131e-05, 8.145033635316131e-05, 8.145033635316131e-05, 8.145033635316131e-05, 8.145033635316131e-05, 8.145033635316131e-05, 8.145033635316131e-05, 8.145033635316131e-05, 8.145033635316131e-05, 8.145033635316131e-05, 8.145033635316131e-05, 8.145033635316131e-05, 8.145033635316131e-05, 8.145033635316131e-05, 8.145033635316131e-05, 8.145033635316131e-05, 8.145033635316131e-05, 8.145033635316131e-05, 8.145033635316131e-05, 8.145033635316131e-05, 8.145033635316131e-05, 8.145033635316131e-05, 8.145033635316131e-05, 8.145033635316131e-05, 8.145033635316131e-05, 8.145033635316131e-05, 0.007940987335200904, 0.007940987335200904, 0.007940987335200904, 0.007940987335200904, 0.007940987335200904, 0.007940987335200904, 0.007940987335200904, 0.007940987335200904, 0.007940987335200904, 8.145033635316131e-05, 8.145033635316131e-05, 8.145033635316131e-05, 8.145033635316131e-05, 8.145033635316131e-05, 8.145033635316131e-05, 8.145033635316131e-05, 8.145033635316131e-05, 8.145033635316131e-05, 8.145033635316131e-05, 8.145033635316131e-05, 8.145033635316131e-05, 8.145033635316131e-05, 8.145033635316131e-05, 0.007940987335200904, 0.007940987335200904, 0.007940987335200904, 0.007940987335200904, 0.007940987335200904, 0.007940987335200904, 0.007940987335200904, 0.007940987335200904, 0.007940987335200904, 8.145033635316131e-05, 8.145033635316131e-05, 8.145033635316131e-05, 8.145033635316131e-05, 8.145033635316131e-05, 8.145033635316131e-05, 8.145033635316131e-05, 8.145033635316131e-05, 8.145033635316131e-05, 8.145033635316131e-05, 8.145033635316131e-05, 8.145033635316131e-05, 8.145033635316131e-05, 8.145033635316131e-05, 0.007940987335200904, 0.007940987335200904, 0.007940987335200904, 0.007940987335200904, 0.007940987335200904, 0.007940987335200904, 0.007940987335200904, 0.007940987335200904, 0.007940987335200904, 8.145033635316131e-05, 8.145033635316131e-05, 8.145033635316131e-05, 8.145033635316131e-05, 8.145033635316131e-05, 8.145033635316131e-05, 8.145033635316131e-05, 8.145033635316131e-05, 8.145033635316131e-05, 8.145033635316131e-05, 8.145033635316131e-05, 8.145033635316131e-05, 8.145033635316131e-05, 8.145033635316131e-05, 0.007940987335200904, 0.007940987335200904, 0.007940987335200904, 0.007940987335200904, 0.007940987335200904, 0.007940987335200904, 0.007940987335200904, 0.007940987335200904, 0.007940987335200904, 8.145033635316131e-05, 8.145033635316131e-05, 8.145033635316131e-05, 8.145033635316131e-05, 8.145033635316131e-05, 8.145033635316131e-05, 8.145033635316131e-05, 8.145033635316131e-05, 8.145033635316131e-05, 8.145033635316131e-05, 8.145033635316131e-05, 8.145033635316131e-05, 8.145033635316131e-05, 8.145033635316131e-05, 8.145033635316131e-05, 8.145033635316131e-05, 8.145033635316131e-05, 8.145033635316131e-05, 8.145033635316131e-05, 8.145033635316131e-05, 8.145033635316131e-05, 8.145033635316131e-05, 8.145033635316131e-05, 8.145033635316131e-05, 8.145033635316131e-05, 8.145033635316131e-05, 8.145033635316131e-05, 8.145033635316131e-05, 8.145033635316131e-05, 8.145033635316131e-05, 8.145033635316131e-05, 8.145033635316131e-05, 8.145033635316131e-05, 8.145033635316131e-05, 8.145033635316131e-05, 8.145033635316131e-05, 8.145033635316131e-05, 8.145033635316131e-05, 8.145033635316131e-05, 8.145033635316131e-05, 8.145033635316131e-05, 8.145033635316131e-05, 8.145033635316131e-05, 8.145033635316131e-05, 8.145033635316131e-05, 8.145033635316131e-05, 8.145033635316131e-05, 8.145033635316131e-05, 8.145033635316131e-05, 8.145033635316131e-05, 8.145033635316131e-05, 8.145033635316131e-05, 8.145033635316131e-05, 8.145033635316131e-05, 8.145033635316131e-05, 8.145033635316131e-05, 8.145033635316131e-05, 8.145033635316131e-05, 8.145033635316131e-05, 8.145033635316131e-05, 8.145033635316131e-05, 8.145033635316131e-05, 8.145033635316131e-05, 8.145033635316131e-05, 8.145033635316131e-05, 8.145033635316131e-05, 8.145033635316131e-05, 8.145033635316131e-05, 8.145033635316131e-05, 8.145033635316131e-05, 8.145033635316131e-05, 8.145033635316131e-05, 8.145033635316131e-05, 8.145033635316131e-05]",0.9581067095964383,0.42640863556243797
6,"[7.542957248827961e-05, 7.542957248827961e-05, 7.542957248827961e-05, 7.542957248827961e-05, 7.542957248827961e-05, 7.542957248827961e-05, 7.542957248827961e-05, 7.542957248827961e-05, 7.542957248827961e-05, 7.542957248827961e-05, 7.542957248827961e-05, 7.542957248827961e-05, 7.542957248827961e-05, 7.542957248827961e-05, 7.542957248827961e-05, 7.542957248827961e-05, 7.542957248827961e-05, 7.542957248827961e-05, 7.542957248827961e-05, 7.542957248827961e-05, 7.542957248827961e-05, 7.542957248827961e-05, 7.542957248827961e-05, 7.542957248827961e-05, 7.542957248827961e-05, 7.542957248827961e-05, 7.542957248827961e-05, 7.542957248827961e-05, 7.542957248827961e-05, 7.542957248827961e-05, 7.542957248827961e-05, 7.542957248827961e-05, 7.542957248827961e-05, 7.542957248827961e-05, 0.0072726825461990365, 0.0072726825461990365, 0.0072726825461990365, 0.0072726825461990365, 0.0072726825461990365, 0.0072726825461990365, 0.0072726825461990365, 0.0072726825461990365, 0.0072726825461990365, 7.542957248827961e-05, 7.542957248827961e-05, 7.542957248827961e-05, 7.542957248827961e-05, 7.542957248827961e-05, 7.542957248827961e-05, 7.542957248827961e-05, 7.542957248827961e-05, 7.542957248827961e-05, 7.542957248827961e-05, 7.542957248827961e-05, 7.542957248827961e-05, 7.542957248827961e-05, 7.542957248827961e-05, 0.0072726825461990365, 0.0072726825461990365, 0.0072726825461990365, 0.0072726825461990365, 0.0072726825461990365, 0.0072726825461990365, 0.0072726825461990365, 0.0072726825461990365, 0.0072726825461990365, 7.542957248827961e-05, 7.542957248827961e-05, 7.542957248827961e-05, 7.542957248827961e-05, 7.542957248827961e-05, 7.542957248827961e-05, 7.542957248827961e-05, 7.542957248827961e-05, 7.542957248827961e-05, 7.542957248827961e-05, 7.542957248827961e-05, 7.542957248827961e-05, 7.542957248827961e-05, 7.542957248827961e-05, 0.0072726825461990365, 0.0072726825461990365, 0.0072726825461990365, 0.0072726825461990365, 0.0072726825461990365, 0.0072726825461990365, 0.0072726825461990365, 0.0072726825461990365, 0.0072726825461990365, 7.542957248827961e-05, 7.542957248827961e-05, 7.542957248827961e-05, 7.542957248827961e-05, 7.542957248827961e-05, 7.542957248827961e-05, 7.542957248827961e-05, 7.542957248827961e-05, 7.542957248827961e-05, 7.542957248827961e-05, 7.542957248827961e-05, 7.542957248827961e-05, 7.542957248827961e-05, 7.542957248827961e-05, 0.0072726825461990365, 0.0072726825461990365, 0.0072726825461990365, 0.0072726825461990365, 0.0072726825461990365, 0.0072726825461990365, 0.0072726825461990365, 0.0072726825461990365, 0.0072726825461990365, 7.542957248827961e-05, 7.542957248827961e-05, 7.542957248827961e-05, 7.542957248827961e-05, 7.542957248827961e-05, 7.542957248827961e-05, 7.542957248827961e-05, 7.542957248827961e-05, 7.542957248827961e-05, 7.542957248827961e-05, 7.542957248827961e-05, 7.542957248827961e-05, 7.542957248827961e-05, 7.542957248827961e-05, 7.542957248827961e-05, 7.542957248827961e-05, 7.542957248827961e-05, 7.542957248827961e-05, 7.542957248827961e-05, 7.542957248827961e-05, 7.542957248827961e-05, 7.542957248827961e-05, 7.542957248827961e-05, 7.542957248827961e-05, 7.542957248827961e-05, 7.542957248827961e-05, 7.542957248827961e-05, 7.542957248827961e-05, 7.542957248827961e-05, 7.542957248827961e-05, 7.542957248827961e-05, 7.542957248827961e-05, 7.542957248827961e-05, 7.542957248827961e-05, 7.542957248827961e-05, 7.542957248827961e-05, 7.542957248827961e-05, 7.542957248827961e-05, 7.542957248827961e-05, 7.542957248827961e-05, 7.542957248827961e-05, 7.542957248827961e-05, 7.542957248827961e-05, 7.542957248827961e-05, 7.542957248827961e-05, 7.542957248827961e-05, 7.542957248827961e-05, 7.542957248827961e-05, 7.542957248827961e-05, 7.542957248827961e-05, 7.542957248827961e-05, 7.542957248827961e-05, 7.542957248827961e-05, 7.542957248827961e-05, 7.542957248827961e-05, 7.542957248827961e-05, 7.542957248827961e-05, 7.542957248827961e-05, 7.542957248827961e-05, 7.542957248827961e-05, 7.542957248827961e-05, 7.542957248827961e-05, 7.542957248827961e-05, 7.542957248827961e-05, 7.542957248827961e-05, 7.542957248827961e-05, 7.542957248827961e-05, 7.542957248827961e-05, 7.542957248827961e-05, 7.542957248827961e-05, 7.542957248827961e-05, 7.542957248827961e-05, 7.542957248827961e-05, 7.542957248827961e-05]",0.9435417178349618,0.44868588018431593
7,"[6.890576474687264e-05, 6.890576474687264e-05, 6.890576474687264e-05, 6.890576474687264e-05, 6.890576474687264e-05, 6.890576474687264e-05, 6.890576474687264e-05, 6.890576474687264e-05, 6.890576474687264e-05, 6.890576474687264e-05, 6.890576474687264e-05, 6.890576474687264e-05, 6.890576474687264e-05, 6.890576474687264e-05, 6.890576474687264e-05, 6.890576474687264e-05, 6.890576474687264e-05, 6.890576474687264e-05, 6.890576474687264e-05, 6.890576474687264e-05, 6.890576474687264e-05, 6.890576474687264e-05, 6.890576474687264e-05, 6.890576474687264e-05, 6.890576474687264e-05, 6.890576474687264e-05, 6.890576474687264e-05, 6.890576474687264e-05, 6.890576474687264e-05, 6.890576474687264e-05, 6.890576474687264e-05, 6.890576474687264e-05, 6.890576474687264e-05, 6.890576474687264e-05, 0.006548539886902864, 0.006548539886902864, 0.006548539886902864, 0.006548539886902864, 0.006548539886902864, 0.006548539886902864, 0.006548539886902864, 0.006548539886902864, 0.006548539886902864, 6.890576474687264e-05, 6.890576474687264e-05, 6.890576474687264e-05, 6.890576474687264e-05, 6.890576474687264e-05, 6.890576474687264e-05, 6.890576474687264e-05, 6.890576474687264e-05, 6.890576474687264e-05, 6.890576474687264e-05, 6.890576474687264e-05, 6.890576474687264e-05, 6.890576474687264e-05, 6.890576474687264e-05, 0.006548539886902864, 0.006548539886902864, 0.006548539886902864, 0.006548539886902864, 0.006548539886902864, 0.006548539886902864, 0.006548539886902864, 0.006548539886902864, 0.006548539886902864, 6.890576474687264e-05, 6.890576474687264e-05, 6.890576474687264e-05, 6.890576474687264e-05, 6.890576474687264e-05, 6.890576474687264e-05, 6.890576474687264e-05, 6.890576474687264e-05, 6.890576474687264e-05, 6.890576474687264e-05, 6.890576474687264e-05, 6.890576474687264e-05, 6.890576474687264e-05, 6.890576474687264e-05, 0.006548539886902864, 0.006548539886902864, 0.006548539886902864, 0.006548539886902864, 0.006548539886902864, 0.006548539886902864, 0.006548539886902864, 0.006548539886902864, 0.006548539886902864, 6.890576474687264e-05, 6.890576474687264e-05, 6.890576474687264e-05, 6.890576474687264e-05, 6.890576474687264e-05, 6.890576474687264e-05, 6.890576474687264e-05, 6.890576474687264e-05, 6.890576474687264e-05, 6.890576474687264e-05, 6.890576474687264e-05, 6.890576474687264e-05, 6.890576474687264e-05, 6.890576474687264e-05, 0.006548539886902864, 0.006548539886902864, 0.006548539886902864, 0.006548539886902864, 0.006548539886902864, 0.006548539886902864, 0.006548539886902864, 0.006548539886902864, 0.006548539886902864, 6.890576474687264e-05, 6.890576474687264e-05, 6.890576474687264e-05, 6.890576474687264e-05, 6.890576474687264e-05, 6.890576474687264e-05, 6.890576474687264e-05, 6.890576474687264e-05, 6.890576474687264e-05, 6.890576474687264e-05, 6.890576474687264e-05, 6.890576474687264e-05, 6.890576474687264e-05, 6.890576474687264e-05, 6.890576474687264e-05, 6.890576474687264e-05, 6.890576474687264e-05, 6.890576474687264e-05, 6.890576474687264e-05, 6.890576474687264e-05, 6.890576474687264e-05, 6.890576474687264e-05, 6.890576474687264e-05, 6.890576474687264e-05, 6.890576474687264e-05, 6.890576474687264e-05, 6.890576474687264e-05, 6.890576474687264e-05, 6.890576474687264e-05, 6.890576474687264e-05, 6.890576474687264e-05, 6.890576474687264e-05, 6.890576474687264e-05, 6.890576474687264e-05, 6.890576474687264e-05, 6.890576474687264e-05, 6.890576474687264e-05, 6.890576474687264e-05, 6.890576474687264e-05, 6.890576474687264e-05, 6.890576474687264e-05, 6.890576474687264e-05, 6.890576474687264e-05, 6.890576474687264e-05, 6.890576474687264e-05, 6.890576474687264e-05, 6.890576474687264e-05, 6.890576474687264e-05, 6.890576474687264e-05, 6.890576474687264e-05, 6.890576474687264e-05, 6.890576474687264e-05, 6.890576474687264e-05, 6.890576474687264e-05, 6.890576474687264e-05, 6.890576474687264e-05, 6.890576474687264e-05, 6.890576474687264e-05, 6.890576474687264e-05, 6.890576474687264e-05, 6.890576474687264e-05, 6.890576474687264e-05, 6.890576474687264e-05, 6.890576474687264e-05, 6.890576474687264e-05, 6.890576474687264e-05, 6.890576474687264e-05, 6.890576474687264e-05, 6.890576474687264e-05, 6.890576474687264e-05, 6.890576474687264e-05, 6.890576474687264e-05, 6.890576474687264e-05, 6.890576474687264e-05]",0.9349372058342664,0.45401055940368695
8,"[6.20395509268104e-05, 6.20395509268104e-05, 6.20395509268104e-05, 6.20395509268104e-05, 6.20395509268104e-05, 6.20395509268104e-05, 6.20395509268104e-05, 6.20395509268104e-05, 6.20395509268104e-05, 6.20395509268104e-05, 6.20395509268104e-05, 6.20395509268104e-05, 6.20395509268104e-05, 6.20395509268104e-05, 6.20395509268104e-05, 6.20395509268104e-05, 6.20395509268104e-05, 6.20395509268104e-05, 6.20395509268104e-05, 6.20395509268104e-05, 6.20395509268104e-05, 6.20395509268104e-05, 6.20395509268104e-05, 6.20395509268104e-05, 6.20395509268104e-05, 6.20395509268104e-05, 6.20395509268104e-05, 6.20395509268104e-05, 6.20395509268104e-05, 6.20395509268104e-05, 6.20395509268104e-05, 6.20395509268104e-05, 6.20395509268104e-05, 6.20395509268104e-05, 0.005786390152875955, 0.005786390152875955, 0.005786390152875955, 0.005786390152875955, 0.005786390152875955, 0.005786390152875955, 0.005786390152875955, 0.005786390152875955, 0.005786390152875955, 6.20395509268104e-05, 6.20395509268104e-05, 6.20395509268104e-05, 6.20395509268104e-05, 6.20395509268104e-05, 6.20395509268104e-05, 6.20395509268104e-05, 6.20395509268104e-05, 6.20395509268104e-05, 6.20395509268104e-05, 6.20395509268104e-05, 6.20395509268104e-05, 6.20395509268104e-05, 6.20395509268104e-05, 0.005786390152875955, 0.005786390152875955, 0.005786390152875955, 0.005786390152875955, 0.005786390152875955, 0.005786390152875955, 0.005786390152875955, 0.005786390152875955, 0.005786390152875955, 6.20395509268104e-05, 6.20395509268104e-05, 6.20395509268104e-05, 6.20395509268104e-05, 6.20395509268104e-05, 6.20395509268104e-05, 6.20395509268104e-05, 6.20395509268104e-05, 6.20395509268104e-05, 6.20395509268104e-05, 6.20395509268104e-05, 6.20395509268104e-05, 6.20395509268104e-05, 6.20395509268104e-05, 0.005786390152875955, 0.005786390152875955, 0.005786390152875955, 0.005786390152875955, 0.005786390152875955, 0.005786390152875955, 0.005786390152875955, 0.005786390152875955, 0.005786390152875955, 6.20395509268104e-05, 6.20395509268104e-05, 6.20395509268104e-05, 6.20395509268104e-05, 6.20395509268104e-05, 6.20395509268104e-05, 6.20395509268104e-05, 6.20395509268104e-05, 6.20395509268104e-05, 6.20395509268104e-05, 6.20395509268104e-05, 6.20395509268104e-05, 6.20395509268104e-05, 6.20395509268104e-05, 0.005786390152875955, 0.005786390152875955, 0.005786390152875955, 0.005786390152875955, 0.005786390152875955, 0.005786390152875955, 0.005786390152875955, 0.005786390152875955, 0.005786390152875955, 6.20395509268104e-05, 6.20395509268104e-05, 6.20395509268104e-05, 6.20395509268104e-05, 6.20395509268104e-05, 6.20395509268104e-05, 6.20395509268104e-05, 6.20395509268104e-05, 6.20395509268104e-05, 6.20395509268104e-05, 6.20395509268104e-05, 6.20395509268104e-05, 6.20395509268104e-05, 6.20395509268104e-05, 6.20395509268104e-05, 6.20395509268104e-05, 6.20395509268104e-05, 6.20395509268104e-05, 6.20395509268104e-05, 6.20395509268104e-05, 6.20395509268104e-05, 6.20395509268104e-05, 6.20395509268104e-05, 6.20395509268104e-05, 6.20395509268104e-05, 6.20395509268104e-05, 6.20395509268104e-05, 6.20395509268104e-05, 6.20395509268104e-05, 6.20395509268104e-05, 6.20395509268104e-05, 6.20395509268104e-05, 6.20395509268104e-05, 6.20395509268104e-05, 6.20395509268104e-05, 6.20395509268104e-05, 6.20395509268104e-05, 6.20395509268104e-05, 6.20395509268104e-05, 6.20395509268104e-05, 6.20395509268104e-05, 6.20395509268104e-05, 6.20395509268104e-05, 6.20395509268104e-05, 6.20395509268104e-05, 6.20395509268104e-05, 6.20395509268104e-05, 6.20395509268104e-05, 6.20395509268104e-05, 6.20395509268104e-05, 6.20395509268104e-05, 6.20395509268104e-05, 6.20395509268104e-05, 6.20395509268104e-05, 6.20395509268104e-05, 6.20395509268104e-05, 6.20395509268104e-05, 6.20395509268104e-05, 6.20395509268104e-05, 6.20395509268104e-05, 6.20395509268104e-05, 6.20395509268104e-05, 6.20395509268104e-05, 6.20395509268104e-05, 6.20395509268104e-05, 6.20395509268104e-05, 6.20395509268104e-05, 6.20395509268104e-05, 6.20395509268104e-05, 6.20395509268104e-05, 6.20395509268104e-05, 6.20395509268104e-05, 6.20395509268104e-05, 6.20395509268104e-05]",0.9222787962510035,0.4611894735418191
9,"[5.500000000000001e-05, 5.500000000000001e-05, 5.500000000000001e-05, 5.500000000000001e-05, 5.500000000000001e-05, 5.500000000000001e-05, 5.500000000000001e-05, 5.500000000000001e-05, 5.500000000000001e-05, 5.500000000000001e-05, 5.500000000000001e-05, 5.500000000000001e-05, 5.500000000000001e-05, 5.500000000000001e-05, 5.500000000000001e-05, 5.500000000000001e-05, 5.500000000000001e-05, 5.500000000000001e-05, 5.500000000000001e-05, 5.500000000000001e-05, 5.500000000000001e-05, 5.500000000000001e-05, 5.500000000000001e-05, 5.500000000000001e-05, 5.500000000000001e-05, 5.500000000000001e-05, 5.500000000000001e-05, 5.500000000000001e-05, 5.500000000000001e-05, 5.500000000000001e-05, 5.500000000000001e-05, 5.500000000000001e-05, 5.500000000000001e-05, 5.500000000000001e-05, 0.005005000000000001, 0.005005000000000001, 0.005005000000000001, 0.005005000000000001, 0.005005000000000001, 0.005005000000000001, 0.005005000000000001, 0.005005000000000001, 0.005005000000000001, 5.500000000000001e-05, 5.500000000000001e-05, 5.500000000000001e-05, 5.500000000000001e-05, 5.500000000000001e-05, 5.500000000000001e-05, 5.500000000000001e-05, 5.500000000000001e-05, 5.500000000000001e-05, 5.500000000000001e-05, 5.500000000000001e-05, 5.500000000000001e-05, 5.500000000000001e-05, 5.500000000000001e-05, 0.005005000000000001, 0.005005000000000001, 0.005005000000000001, 0.005005000000000001, 0.005005000000000001, 0.005005000000000001, 0.005005000000000001, 0.005005000000000001, 0.005005000000000001, 5.500000000000001e-05, 5.500000000000001e-05, 5.500000000000001e-05, 5.500000000000001e-05, 5.500000000000001e-05, 5.500000000000001e-05, 5.500000000000001e-05, 5.500000000000001e-05, 5.500000000000001e-05, 5.500000000000001e-05, 5.500000000000001e-05, 5.500000000000001e-05, 5.500000000000001e-05, 5.500000000000001e-05, 0.005005000000000001, 0.005005000000000001, 0.005005000000000001, 0.005005000000000001, 0.005005000000000001, 0.005005000000000001, 0.005005000000000001, 0.005005000000000001, 0.005005000000000001, 5.500000000000001e-05, 5.500000000000001e-05, 5.500000000000001e-05, 5.500000000000001e-05, 5.500000000000001e-05, 5.500000000000001e-05, 5.500000000000001e-05, 5.500000000000001e-05, 5.500000000000001e-05, 5.500000000000001e-05, 5.500000000000001e-05, 5.500000000000001e-05, 5.500000000000001e-05, 5.500000000000001e-05, 0.005005000000000001, 0.005005000000000001, 0.005005000000000001, 0.005005000000000001, 0.005005000000000001, 0.005005000000000001, 0.005005000000000001, 0.005005000000000001, 0.005005000000000001, 5.500000000000001e-05, 5.500000000000001e-05, 5.500000000000001e-05, 5.500000000000001e-05, 5.500000000000001e-05, 5.500000000000001e-05, 5.500000000000001e-05, 5.500000000000001e-05, 5.500000000000001e-05, 5.500000000000001e-05, 5.500000000000001e-05, 5.500000000000001e-05, 5.500000000000001e-05, 5.500000000000001e-05, 5.500000000000001e-05, 5.500000000000001e-05, 5.500000000000001e-05, 5.500000000000001e-05, 5.500000000000001e-05, 5.500000000000001e-05, 5.500000000000001e-05, 5.500000000000001e-05, 5.500000000000001e-05, 5.500000000000001e-05, 5.500000000000001e-05, 5.500000000000001e-05, 5.500000000000001e-05, 5.500000000000001e-05, 5.500000000000001e-05, 5.500000000000001e-05, 5.500000000000001e-05, 5.500000000000001e-05, 5.500000000000001e-05, 5.500000000000001e-05, 5.500000000000001e-05, 5.500000000000001e-05, 5.500000000000001e-05, 5.500000000000001e-05, 5.500000000000001e-05, 5.500000000000001e-05, 5.500000000000001e-05, 5.500000000000001e-05, 5.500000000000001e-05, 5.500000000000001e-05, 5.500000000000001e-05, 5.500000000000001e-05, 5.500000000000001e-05, 5.500000000000001e-05, 5.500000000000001e-05, 5.500000000000001e-05, 5.500000000000001e-05, 5.500000000000001e-05, 5.500000000000001e-05, 5.500000000000001e-05, 5.500000000000001e-05, 5.500000000000001e-05, 5.500000000000001e-05, 5.500000000000001e-05, 5.500000000000001e-05, 5.500000000000001e-05, 5.500000000000001e-05, 5.500000000000001e-05, 5.500000000000001e-05, 5.500000000000001e-05, 5.500000000000001e-05, 5.500000000000001e-05, 5.500000000000001e-05, 5.500000000000001e-05, 5.500000000000001e-05, 5.500000000000001e-05, 5.500000000000001e-05, 5.500000000000001e-05, 5.500000000000001e-05, 5.500000000000001e-05]",0.9081874436292893,0.4771981038999986
